"id","cpf","nome","celular","email","tiposanguineo","cep","numero"
"1","311.954.500-79","Jorge Casqueira Godinho","(81) 9 9959-7113","jorge_ca@email.com","AB","50610-300","35"
"2","353.122.974-53","Isadora Guterres Bogado","(81) 8 2760-2296","isadora_gu@email.com","A+","50110-435","45"
"3","452.215.184-57","Melany Moura Saraiva","(81) 9 2211-2901","melany_mo@email.com","B+","50640-030","1621"
"4","934.783.604-47","Zayn Fernandes Magalhães","(81) 8 3321-6582","zayn_fe@email.com","O+","50610-300","888"
"5","563.576.984-58","Romeu Meira Modesto","(81) 9 4539-5543","romeu_ma@email.com","AB+","50110-110","2165"
"6","475.444.784-08","Thomas Porciúncula Regodeiro","(81) 9 8699-9509","thomas_porciúncula@email.com","A-","51335-220","1421"
"7","775.323.504-44","Zhen Caniça Machado","(81) 8 4518-8601","zhen_caniça@email.com","B-","52125-150","714"
"8","447.896.964-72","Cloe Valverde Gaspar","(81) 9 2078-6747","cloe_valverde@email.com","O-","52125-150","17"
"9","813.731.074-64","Rubim Pegado Bicalho","(81) 9 8325-9152","rubim_pegado@email.com","AB-","50770-220","13"
"10","486.071.744-95","Haniela Quadros Rabelo","(81) 9 4886-5968","haniela_quadros@email.com","A+","53240-390","324"
"11","906.974.024-95","Alonso Eiró Matias","(81) 9 3951-3405","alonso_eiró@email.com","B+","53320-633","2017"
"12","655.507.694-17","Johnny Guterres Canejo","(81) 9 1228-1522","johnny_gu@email.com","O+","53270-092","486"
"13","057.897.364-24","Ânia Ruela Holanda","(81) 9 4836-8113","ânia_ruela@email.com","AB+","53060-507","543"
"14","554.462.394-58","Tiffany Palma Cordeiro","(81) 9 9224-7692","tiffany_pal@email.com","A-","53020-091","91"
"15","759.392.504-83","Inara Vidigal Breia","(81) 8 5510-9651","inara_vidigal@email.com","B-","53330-570","77"
"16","608.923.814-77","Júlia Cipriano Travassos","(81) 8 9491-4349","júlia_cipriano@email.com","O-","54360-123","23"
"17","150.006.254-55","Luiz Caeira Castilho","(81) 9 4995-6849","luiz_caeira@email.com","AB-","54410-745","82"
"18","349.547.314-96","Indira Barreno Maciel","(81) 9 1217-4021","indira_barreno@email.com","A+","54355-321","1258"